{"cameraMode":{"drawMode":0,"name":"Shaded","section":"Shading Mode"},"sceneLighting":false,"audioPlay":false,"sceneViewState":{"showFog":true,"showMaterialUpdate":true,"showSkybox":true,"showFlares":true,"showImageEffects":true,"showParticleSystems":true},"in2DMode":false,"pivot":{"x":0.05570673942565918,"y":7.645532608032227,"z":8.710926055908204},"rotation":{"x":-0.05183618143200874,"y":0.11929631233215332,"z":0.023876717314124109,"w":-0.9941247701644898},"size":9.91519546508789,"orthographic":false}