{"cameraMode":{"drawMode":0,"name":"Shaded","section":"Shading Mode"},"sceneLighting":false,"audioPlay":false,"sceneViewState":{"showFog":true,"showMaterialUpdate":true,"showSkybox":true,"showFlares":true,"showImageEffects":true,"showParticleSystems":true},"in2DMode":false,"pivot":{"x":-6.226105213165283,"y":-5.58348274230957,"z":-0.6245951652526856},"rotation":{"x":-0.19455373287200929,"y":0.7446703910827637,"z":-0.2772282361984253,"w":-0.5788043141365051},"size":13.69472885131836,"orthographic":false}