{"cameraMode":{"drawMode":0,"name":"Shaded","section":"Shading Mode"},"sceneLighting":false,"audioPlay":false,"sceneViewState":{"showFog":true,"showMaterialUpdate":true,"showSkybox":true,"showFlares":true,"showImageEffects":true,"showParticleSystems":true},"in2DMode":false,"pivot":{"x":0.0,"y":1.1374999284744263,"z":-0.5443408489227295},"rotation":{"x":-0.041273318231105807,"y":0.945431113243103,"z":-0.23155614733695985,"w":-0.23471809923648835},"size":16.73261260986328,"orthographic":false}