{"cameraMode":{"drawMode":0,"name":"Shaded","section":"Shading Mode"},"sceneLighting":true,"audioPlay":false,"sceneViewState":{"showFog":true,"showMaterialUpdate":true,"showSkybox":true,"showFlares":true,"showImageEffects":true,"showParticleSystems":true},"in2DMode":false,"pivot":{"x":-35.93910217285156,"y":4.598573684692383,"z":-220.89056396484376},"rotation":{"x":0.009471515193581581,"y":-0.9607230424880981,"z":0.2760619521141052,"w":0.031406551599502566},"size":22.0,"orthographic":false}